{"cameraMode":{"drawMode":0,"name":"Shaded","section":"Shading Mode"},"sceneLighting":false,"audioPlay":false,"sceneViewState":{"showFog":true,"showMaterialUpdate":false,"showSkybox":false,"showFlares":true,"showImageEffects":true,"showParticleSystems":true},"in2DMode":false,"pivot":{"x":0.030274510383605958,"y":2.140951633453369,"z":0.41975176334381106},"rotation":{"x":-0.30682435631752016,"y":0.3176110088825226,"z":-0.1094323992729187,"w":-0.8905121088027954},"size":12.38025951385498,"orthographic":false}