{"cameraMode":{"drawMode":0,"name":"Shaded","section":"Shading Mode"},"sceneLighting":false,"audioPlay":false,"sceneViewState":{"showFog":true,"showMaterialUpdate":false,"showSkybox":false,"showFlares":true,"showImageEffects":true,"showParticleSystems":true},"in2DMode":false,"pivot":{"x":-0.9084343910217285,"y":1.869110345840454,"z":0.1480708122253418},"rotation":{"x":-0.04072280600667,"y":0.9325155019760132,"z":-0.11131580919027329,"w":-0.34113413095474245},"size":8.516292572021485,"orthographic":false}