{"cameraMode":{"drawMode":0,"name":"Shaded","section":"Shading Mode"},"sceneLighting":true,"audioPlay":false,"sceneViewState":{"showFog":true,"showMaterialUpdate":false,"showSkybox":false,"showFlares":true,"showImageEffects":true,"showParticleSystems":true},"in2DMode":false,"pivot":{"x":40.003326416015628,"y":79.1651611328125,"z":22.413883209228517},"rotation":{"x":-0.30682435631752016,"y":0.3176110088825226,"z":-0.1094323992729187,"w":-0.8905121088027954},"size":77.67176055908203,"orthographic":false}