{"cameraMode":{"drawMode":0,"name":"Shaded","section":"Shading Mode"},"sceneLighting":false,"audioPlay":false,"sceneViewState":{"showFog":true,"showMaterialUpdate":false,"showSkybox":false,"showFlares":true,"showImageEffects":true,"showParticleSystems":true},"in2DMode":false,"pivot":{"x":0.0317540168762207,"y":1.366476058959961,"z":0.3817562758922577},"rotation":{"x":-0.022930331528186799,"y":0.9561572670936585,"z":-0.07791632413864136,"w":-0.281376451253891},"size":8.695962905883789,"orthographic":false}