{"cameraMode":{"drawMode":0,"name":"Shaded","section":"Shading Mode"},"sceneLighting":true,"audioPlay":false,"sceneViewState":{"showFog":true,"showMaterialUpdate":false,"showSkybox":false,"showFlares":true,"showImageEffects":true,"showParticleSystems":true},"in2DMode":false,"pivot":{"x":18.084556579589845,"y":-7.9244890213012699,"z":13.061949729919434},"rotation":{"x":-0.2076919823884964,"y":0.6361516714096069,"z":-0.1834859400987625,"w":-0.7200747132301331},"size":29.191513061523439,"orthographic":false}