{"cameraMode":{"drawMode":0,"name":"Shaded","section":"Shading Mode"},"sceneLighting":false,"audioPlay":false,"sceneViewState":{"showFog":true,"showMaterialUpdate":false,"showSkybox":false,"showFlares":true,"showImageEffects":true,"showParticleSystems":true},"in2DMode":false,"pivot":{"x":0.21937322616577149,"y":1.1734614372253419,"z":-0.30400168895721438},"rotation":{"x":-0.13994050025939942,"y":0.7627179622650147,"z":-0.17602062225341798,"w":-0.6063785552978516},"size":5.860569000244141,"orthographic":false}